1858513,GUEST,
1976834,GUEST,
1978527,GUEST,
2012669,GUEST,
2013835,GUEST,
2632942,GUEST,
2097966,GUEST,
1935364,GUEST,
1866885,GUEST,
1935399,GUEST,
2130424,GUEST,
2148706,GUEST,
1428829,GUEST,
2098113,GUEST,
2101076,GUEST,
2102862,GUEST,
2137844,GUEST,
2163632,GUEST,
2165384,GUEST,
2169320,GUEST,
2140241,GUEST,
2150751,GUEST,
2366010,GUEST,
1970542,GUEST,
2130971,GUEST,
1852329,GUEST,
2134861,GUEST,
2177498,GUEST,
2628503,Blue,
2428318,Blue,
2585758,Blue,Tegel
2345080,Blue,
2424762,Blue,
2459620,Blue,
2520311,Blue,Slagwaardig
2604191,Blue,
2558742,Blue,
2534444,Blue,Slagwaardig
2536196,Blue,Insomnia
2630893,Blue,Slagwaardig
2457261,Blue,Tegel
2474786,Blue,
2425688,Blue,Tegel
2603160,Blue,Slagwaardig
2428245,Blue,
2452650,Blue,Slagwaardig
2509539,Blue,
2621770,Blue,Spijkertjes
2419602,Blue,
2643766,Blue,
2500221,Blue,Insomnia
2621223,Blue,Insomnia
2558106,Blue,
2005328,Blue,Influx
2501864,Blue,Slagwaardig
2570408,Blue,
2612321,Blue,Tegel
2487799,Blue,Spijkertjes
2632217,Blue,Insomnia
2420589,Blue,
2332132,Blue,Insomnia
1832735,Blue,
2553570,Blue,Tegel
2525550,Blue,
2574489,Blue,Tegel
2624001,Blue,Tegel
2297809,Blue,Insomnia
2480654,Blue,Insomnia
2578379,Blue,Insomnia
2619202,Blue,Insomnia
2455366,Blue,Spijkertjes
2628732,Blue,Spijkertjes
2615576,Blue,Spijkertjes
2303310,Blue,Slagwaardig
2586045,Blue,
2314118,Blue,Insomnia
2489414,Blue,Tegel
2596237,Blue,
2518708,Blue,Spijkertjes
2588994,Blue,Spijkertjes
2590379,Blue,Slagwaardig
2521547,Blue,
2586967,Blue,Insomnia
2249502,Blue,Tegel
2554224,Blue,Insomnia
2156407,Blue,
2535068,Blue,Insomnia
2425963,Blue,
2640635,Blue,Spijkertjes
2598531,Blue,Spijkertjes
2461714,Blue,
2541025,Blue,Tegel
2482266,Blue,
2495694,Blue,
2489384,Blue,Spijkertjes
2607298,Blue,Tegel
2508303,Blue,Spijkertjes
2525801,Blue,Slagwaardig
2301601,Blue,Slagwaardig
2582325,Blue,Slagwaardig
2615312,Blue,Tegel
2576945,Blue,Spijkertjes
2524910,Blue,
2622343,Blue,Slagwaardig
2089068,Blue,
2551071,Blue,Insomnia
2395991,Blue,Miranda
2576767,Blue,
2558440,Blue,Slagwaardig
2610736,Green,Metmate
2470896,Green,Dasmooi
2618184,Green,Metmate
2531135,Green,Metmate
2594005,Green,Bibz
2481855,Green,Harrie
2569078,Green,Bibz
2625768,Green,Harrie
2589451,Green,
2552124,Green,Dasmooi
2519488,Green,Dasmooi
2516268,Green,
2599449,Green,Bibz
2343347,Green,
2510375,Green,Metmate
2641704,Green,
2526220,Green,Dasmooi
2391260,Green,Metmate
2509253,Green,Harrie
2425637,Green,
2617730,Green,Metmate
2571250,Green,
2587130,Green,Dasmooi
2458543,Green,Bibz
2396548,Green,
2425181,Green,Harrie
2426676,Green,
2565609,Green,Harrie
2584271,Green,
2473747,Green,Dasmooi
2486431,Green,Metmate
2514001,Green,Harrie
2540827,Green,Metmate
2564947,Green,
2463997,Green,
2358379,Green,Taking Ctrl
2635860,Green,Metmate
2525968,Green,Bibz
2541475,Green,Dasmooi
2468034,Green,Harrie
2539748,Green,Harrie
2503743,Green,
2393867,Green,Taking Ctrl
2621517,Green,Harrie
2416522,Green,
2612402,Green,
2491257,Green,Metmate
2554267,Green,Dasmooi
2294826,Green,Harrie
2526948,Green,Bibz
2616491,Green,
2545411,Green,Dasmooi
2524732,Green,null
2619393,Green,
2509148,Green,Dasmooi
2545195,Green,
2511878,Green,Dasmooi
2322765,Green,YOLO
2423111,Green,
2499878,Green,Harrie
2187698,Green,
2448521,Green,Bibz
2429411,Green,
2500523,Green,Bibz
2504979,Green,
2520729,Green,Bibz
2629399,Green,Harrie
2532743,Green,Harrie
2186969,Green,Redshell
2521105,Green,Dasmooi
2527545,Green,Bibz
2614359,Green,Metmate
2570238,Green,Metmate
2456036,Green,
2485788,Green,
2584069,Green,Bibz
2463911,Green,Bibz
2428814,Green,
2422557,Green,Harrie
2478862,Green,Bibz
2521652,Green,Dasmooi
2619776,Red,Miranda
2411539,Red,
2619946,Red,Yolo
2425548,Red,
2324059,Red,
2539233,Red,Miranda
2312735,Red,
2462648,Red,
2626381,Red,
2422980,Red,Miranda
2427044,Red,
2579022,Red,
2507919,Red,Tacos
2502119,Red,
2597373,Red,Tacos
2580160,Red,Yolo
2512211,Red,Tacos
2535645,Red,
2197286,Red,null
2394383,Red,Miranda
2291045,Red,
2620782,Red,
2494388,Red,Miranda
2582066,Red,Tacos
2610450,Red,Tacos
2562391,Red,Yolo
2426447,Red,Miranda
2476460,Red,
2221195,Red,Yolo
2386836,Red,Miranda
2315408,Red,
2521555,Red,Tacos
2605449,Red,
2536528,Red,Yolo
2526050,Red,Miranda
2235986,Red,
2430738,Red,
2460041,Red,Miranda
2488671,Red,
2426501,Red,
2595141,Red,
2424266,Red,
2459809,Red,Yolo
2464888,Red,Tacos
2554984,Red,Miranda
2241382,Red,
2381575,Red,
2467593,Red,Tacos
2531046,Red,
2587300,Red,Yolo
2317400,Red,
2465795,Red,Tacos
1996738,Red,
2515806,Red,Tacos
2564521,Red,
2428121,Red,
2523450,Red,Yolo
2608782,Red,Miranda
2518406,Red,Yolo
2303965,Red,
2420031,Red,
2509687,Red,Tacos
2550016,Red,
2207818,Red,
2463261,Red,
2358611,Red,Miranda
2357682,Red,
2517973,Red,null
2510332,Red,Miranda
2367866,Red,Exaltia
2386658,Red,
2253445,Red,Yolo
2594099,Red,Yolo
2194538,Red,
2586665,Red,Miranda
2558823,Red,Yolo
2457997,Red,Tacos
2632861,Red,
2427591,Yellow,
2567202,Yellow,
2358689,Yellow,Lorem Ipsum
2457512,Yellow,Yorinf
2552469,Yellow,Lorem ipsum
2613085,Yellow,Harambee!
2350602,Yellow,Yorinf
2562952,Yellow,Yorinf
2537508,Yellow,Yorinf
2607964,Yellow,Yorinf
2555182,Yellow,Heres
2527057,Yellow,Heres
2552302,Yellow,Yorinf
2137070,Yellow,Yorinf
2316692,Yellow,Harambee!
2220032,Yellow,Lorem ipsum
2625415,Yellow,Lorem ipsum
2605945,Yellow,Harambee!
2337568,Yellow,Lorem ipsum
2542072,Yellow,Yorinf
2539829,Yellow,Lorem ipsum
2597446,Yellow,Lorem ipsum
2596091,Yellow,
2424886,Yellow,null
2621231,Yellow,
2621533,Yellow,Yorinf
2595184,Yellow,Yorinf
2403994,Yellow,
2465000,Yellow,
2532409,Yellow,Yorinf
1899619,Yellow,Harambee!
2519496,Yellow,Heres
2516039,Yellow,Harambee!
2472910,Yellow,Lorem ipsum
2575396,Yellow,Harambee!
2420082,Yellow,
2515865,Yellow,Harambee!
2619385,Yellow,
2565919,Yellow,Heres
2501325,Yellow,null
2428903,Yellow,
2596415,Yellow,Harambee!
2523477,Yellow,
2502658,Yellow,Heres
2552582,Yellow,Harambee!
2374846,Yellow,
2478412,Yellow,Heres
2627558,Yellow,Heres
2428598,Yellow,
2541661,Yellow,
2518066,Yellow,
2467585,Yellow,Heres
2497948,Yellow,Lorem ipsum
2462702,Yellow,
2542099,Yellow,
2556154,Yellow,Lorem ipsum
2627892,Yellow,Lorem ipsum
2503921,Yellow,
2572362,Yellow,Heres
2579871,Yellow,
2419653,Yellow,
2628015,Yellow,Lorem ipsum
2588102,Yellow,
2403943,Yellow,
2594544,Yellow,
2509903,Yellow,Lorem ipsum
2621940,Yellow,Harambee!
2608332,Yellow,
2511967,Yellow,Heres
2590859,Yellow,Heres
2592975,Yellow,
2497255,Yellow,Harambee!
2608499,Yellow,Heres
2609207,Yellow,Harambee!
2557630,Yellow,Yorinf
2494752,Yellow,
2364727,Yellow,
2503042,Yellow,null
2496518,Yellow,Heres
2498782,Yellow,Lorem ipsum
2428318,Blue,
2585758,Blue,Tegel
2424762,Blue,
2459620,Blue,
2520311,Blue,Slagwaardig
2604191,Blue,
2558742,Blue,
2534444,Blue,Slagwaardig
2536196,Blue,Insomnia
2630893,Blue,Slagwaardig
2457261,Blue,Tegel
2474786,Blue,
2425688,Blue,Tegel
2603160,Blue,Slagwaardig
2428245,Blue,
2452650,Blue,Slagwaardig
2509539,Blue,
2621770,Blue,Spijkertjes
2419602,Blue,
2643766,Blue,
2500221,Blue,Insomnia
2621223,Blue,Insomnia
2558106,Blue,
2501864,Blue,Slagwaardig
2570408,Blue,
2612321,Blue,Tegel
2487799,Blue,Spijkertjes
2632217,Blue,Insomnia
2420589,Blue,
2332132,Blue,Insomnia
2553570,Blue,Tegel
2574489,Blue,Tegel
2624001,Blue,Tegel
2297809,Blue,Insomnia
2480654,Blue,Insomnia
2578379,Blue,Insomnia
2619202,Blue,Insomnia
2455366,Blue,Spijkertjes
2628732,Blue,Spijkertjes
2615576,Blue,Spijkertjes
2303310,Blue,Slagwaardig
2586045,Blue,
2314118,Blue,Insomnia
2489414,Blue,Tegel
2596237,Blue,
2518708,Blue,Spijkertjes
2588994,Blue,Spijkertjes
2590379,Blue,Slagwaardig
2521547,Blue,
2586967,Blue,Insomnia
2249502,Blue,Tegel
2554224,Blue,Insomnia
2535068,Blue,Insomnia
2425963,Blue,
2640635,Blue,Spijkertjes
2598531,Blue,Spijkertjes
2461714,Blue,
2541025,Blue,Tegel
2482266,Blue,
2495694,Blue,
2489384,Blue,Spijkertjes
2607298,Blue,Tegel
2508303,Blue,Spijkertjes
2525801,Blue,Slagwaardig
2301601,Blue,Slagwaardig
2582325,Blue,Slagwaardig
2615312,Blue,Tegel
2576945,Blue,Spijkertjes
2524910,Blue,
2622343,Blue,Slagwaardig
2551071,Blue,Insomnia
2576767,Blue,
2558440,Blue,Slagwaardig
2525550,Blue,
2610736,Green,Metmate
2470896,Green,Dasmooi
2618184,Green,Metmate
2531135,Green,Metmate
2594005,Green,Bibz
2481855,Green,Harrie
2569078,Green,Bibz
2625768,Green,Harrie
2589451,Green,
2552124,Green,Dasmooi
2519488,Green,Dasmooi
2516268,Green,
2599449,Green,Bibz
2343347,Green,
2510375,Green,Metmate
2641704,Green,
2526220,Green,Dasmooi
2391260,Green,Metmate
2509253,Green,Harrie
2425637,Green,
2617730,Green,Metmate
2571250,Green,
2587130,Green,Dasmooi
2458543,Green,Bibz
2396548,Green,
2425181,Green,Harrie
2426676,Green,
2565609,Green,Harrie
2584271,Green,
2473747,Green,Dasmooi
2486431,Green,Metmate
2514001,Green,Harrie
2540827,Green,Metmate
2564947,Green,
2463997,Green,
2635860,Green,Metmate
2525968,Green,Bibz
2541475,Green,Dasmooi
2468034,Green,Harrie
2539748,Green,Harrie
2503743,Green,
2621517,Green,Harrie
2612402,Green,
2491257,Green,Metmate
2554267,Green,Dasmooi
2294826,Green,Harrie
2526948,Green,Bibz
2616491,Green,
2545411,Green,Dasmooi
2524732,Green,null
2619393,Green,
2509148,Green,Dasmooi
2545195,Green,
2511878,Green,Dasmooi
2423111,Green,
2499878,Green,Harrie
2448521,Green,Bibz
2429411,Green,
2500523,Green,Bibz
2504979,Green,
2520729,Green,Bibz
2629399,Green,Harrie
2532743,Green,Harrie
2521105,Green,Dasmooi
2527545,Green,Bibz
2614359,Green,Metmate
2570238,Green,Metmate
2456036,Green,
2485788,Green,
2584069,Green,Bibz
2463911,Green,Bibz
2428814,Green,
2422557,Green,Harrie
2478862,Green,Bibz
2521652,Green,Dasmooi
2619776,Red,Miranda
2411539,Red,
2619946,Red,Yolo
2425548,Red,
2324059,Red,
2539233,Red,Miranda
2312735,Red,
2462648,Red,
2422980,Red,Miranda
2579022,Red,
2507919,Red,Tacos
2502119,Red,
2597373,Red,Tacos
2580160,Red,Yolo
2512211,Red,Tacos
2535645,Red,
2197286,Red,null
2394383,Red,Miranda
2291045,Red,
2620782,Red,
2494388,Red,Miranda
2582066,Red,Tacos
2610450,Red,Tacos
2562391,Red,Yolo
2426447,Red,Miranda
2476460,Red,
2221195,Red,Yolo
2386836,Red,Miranda
2315408,Red,
2521555,Red,Tacos
2605449,Red,
2536528,Red,Yolo
2526050,Red,Miranda
2235986,Red,
2430738,Red,
2460041,Red,Miranda
2488671,Red,
2426501,Red,
2595141,Red,
2424266,Red,
2459809,Red,Yolo
2464888,Red,Tacos
2554984,Red,Miranda
2241382,Red,
2467593,Red,Tacos
2531046,Red,
2587300,Red,Yolo
2317400,Red,
2465795,Red,Tacos
1996738,Red,
2515806,Red,Tacos
2564521,Red,
2428121,Red,
2523450,Red,Yolo
2608782,Red,Miranda
2518406,Red,Yolo
2303965,Red,
2420031,Red,
2509687,Red,Tacos
2550016,Red,
2463261,Red,
2358611,Red,Miranda
2517973,Red,null
2510332,Red,Miranda
2386658,Red,
2253445,Red,Yolo
2594099,Red,Yolo
2194538,Red,
2586665,Red,Miranda
2558823,Red,Yolo
2457997,Red,Tacos
2632861,Red,
2357682,Red,
2626381,Red,
2427591,Yellow,
2567202,Yellow,
2457512,Yellow,Yorinf
2552469,Yellow,Lorem ipsum
2613085,Yellow,Harambee!
2350602,Yellow,Yorinf
2562952,Yellow,Yorinf
2537508,Yellow,Yorinf
2607964,Yellow,Yorinf
2555182,Yellow,Heres
2527057,Yellow,Heres
2552302,Yellow,Yorinf
2137070,Yellow,Yorinf
2316692,Yellow,Harambee!
2220032,Yellow,Lorem ipsum
2625415,Yellow,Lorem ipsum
2605945,Yellow,Harambee!
2337568,Yellow,Lorem ipsum
2542072,Yellow,Yorinf
2539829,Yellow,Lorem ipsum
2597446,Yellow,Lorem ipsum
2424886,Yellow,null
2621231,Yellow,
2621533,Yellow,Yorinf
2595184,Yellow,Yorinf
2465000,Yellow,
2532409,Yellow,Yorinf
1899619,Yellow,Harambee!
2519496,Yellow,Heres
2516039,Yellow,Harambee!
2472910,Yellow,Lorem ipsum
2575396,Yellow,Harambee!
2420082,Yellow,
2515865,Yellow,Harambee!
2619385,Yellow,
2565919,Yellow,Heres
2501325,Yellow,null
2428903,Yellow,
2596415,Yellow,Harambee!
2523477,Yellow,
2502658,Yellow,Heres
2552582,Yellow,Harambee!
2478412,Yellow,Heres
2627558,Yellow,Heres
2428598,Yellow,
2541661,Yellow,
2518066,Yellow,
2467585,Yellow,Heres
2497948,Yellow,Lorem ipsum
2462702,Yellow,
2542099,Yellow,
2556154,Yellow,Lorem ipsum
2627892,Yellow,Lorem ipsum
2503921,Yellow,
2572362,Yellow,Heres
2579871,Yellow,
2419653,Yellow,
2628015,Yellow,Lorem ipsum
2588102,Yellow,
2594544,Yellow,
2509903,Yellow,Lorem ipsum
2621940,Yellow,Harambee!
2608332,Yellow,
2511967,Yellow,Heres
2590859,Yellow,Heres
2592975,Yellow,
2497255,Yellow,Harambee!
2608499,Yellow,Heres
2609207,Yellow,Harambee!
2557630,Yellow,Yorinf
2494752,Yellow,
2364727,Yellow,
2503042,Yellow,null
2496518,Yellow,Heres
2498782,Yellow,Lorem ipsum
,,
,,
2207508,Blue,Insomnia
2393050,Blue,Influx
2207966,Blue,Spijkertjes
2249987,Blue,
1837907,Blue,
2087529,Blue,Spijkertjes
2382598,Blue,Insomnia
2198312,Blue,
2260905,Blue,Insomnia
2329204,Blue,Miranda
2356228,Blue,
2386577,Blue,Spijkertjes
2274825,Blue,Influx
2280787,Blue,Spijkertjes
2104601,Blue,Miranda
2326264,Blue,Spijkertjes
2404524,Blue,Miranda
2330024,Blue,Miranda
2249707,Blue,Spijkertjes
2325993,Blue,
2356546,Blue,Insomnia
2386887,Blue,
2113201,Blue,
2172410,Blue,
2204363,Blue,Influx
2347636,Blue,
2261634,Blue,TaCoS
2392488,Blue,
2281252,Blue,TaCoS
2324695,Blue,Insomnia
2365065,Blue,
2368528,Blue,Influx
2290839,Blue,Spijkertjes
2288613,Blue,TaCoS
2207958,Blue,Spijkertjes
2367114,Blue,TaCoS
2281090,Blue,
2416786,Blue,
2395991,Blue,Miranda
2285657,Blue,TaCoS
2210037,Blue,Insomnia
2370999,Blue,
2343169,Blue,
2272091,Blue,Tacos
2389428,Blue,TaCoS
2319217,Blue,GUEST*
2198983,Blue,
2385058,Blue,Insomnia
2285371,Blue,Insomnia
2005328,Blue,Influx
2245973,Blue,Influx
2178117,Blue,
2089068,Blue,
2389495,Blue,
2199645,Blue,Influx
2286599,Blue,GUEST*
2039761,Blue,Influx
2385694,Blue,Miranda
2314762,Blue,Influx
2311747,Blue,Influx
2295245,Blue,
2345080,Blue,
2329565,Yellow,
2366991,Yellow,
2403994,Yellow,
2358689,Yellow,Lorem Ipsum
2371073,Yellow,BIAS
2343460,Yellow,
2246309,Yellow,#Bibz
2383217,Yellow,
2365715,Yellow,Das Mooi!
2199637,Yellow,Lorem Ipsum
2384361,Yellow,#Bibz
2418851,Yellow,Yorinf
2311720,Yellow,Lorem Ipsum
2343320,Yellow,
2273454,Yellow,Yorinf
2361914,Yellow,#Bibz
2389576,Yellow,Lorem Ipsum
2307103,Yellow,BIAS
2253194,Yellow,Das Mooi!
2378507,Yellow,Das Mooi!
2293528,Yellow,
2316714,Yellow,Lorem Ipsum
2343800,Yellow,Lorem Ipsum
2314517,Yellow,#Bibz
2283166,Yellow,BIAS
2404001,Yellow,BIAS
2266156,Yellow,Yorinf
2376318,Yellow,
2291150,Yellow,Yorinf
2159449,Yellow,Yorinf
2301938,Yellow,
2403943,Yellow,
2240084,Yellow,Das Mooi!
2236559,Yellow,Yorinf
2177579,Yellow,Lorem Ipsum
2247178,Yellow,Lorem Ipsum
2362023,Yellow,BIAS
2341182,Yellow,Lorem Ipsum
2235757,Yellow,Das Mooi!
2267810,Yellow,#Bibz
2413450,Yellow,BIAS
2377675,Yellow,Das Mooi!
2295040,Yellow,Yorinf
2364433,Yellow,BIAS
2247259,Yellow,Exaltia
2335255,Yellow,Das Mooi!
2200848,Yellow,
2338920,Yellow,Lorem Ipsum
2266210,Yellow,Yorinf
2167433,Yellow,
2299283,Yellow,
2388553,Yellow,
2334585,Red,Exaltia
2269074,Red,Slagwaardig
2345757,Red,Slagwaardig
2378884,Red,Slagwaardig
2384892,Red,Glas.Helder
2349779,Red,Tegel
2306735,Red,Tegel
2261065,Red,
2310988,Red,
1939521,Red,
2105454,Red,
2244217,Red,Tegel
2344750,Red,Exaltia
2310015,Red,
2343428,Red,
2360012,Red,Tegel
2264323,Red,Slagwaardig
2363690,Red,Exaltia
2299909,Red,Slagwaardig
2390795,Red,
2112019,Red,Tegel
2309858,Red,
1985205,Red,
2319187,Red,Glas.Helder
2343878,Red,Tegel
2172968,Red,
2219735,Red,Slagwaardig
2264609,Red,
2381575,Red,
2293358,Red,Harrie
2367866,Red,Exaltia
2207931,Red,Glas.Helder
2297205,Red,Exaltia
2351579,Red,Harrie
2324040,Red,Tegel
2331020,Red,Harrie
2297094,Red,
2412659,Red,
2372177,Red,
2315424,Red,Glas.Helder
2233568,Red,Harrie
2315653,Red,Tegel
2236141,Red,
2363194,Red,Glas.Helder
2378817,Red,Glas.Helder
2389185,Red,
2055147,Red,Slagwaardig
2378361,Red,Exaltia
2249405,Red,Glas.Helder
2395894,Red,Slagwaardig
2346958,Red,
2403714,Red,
2385988,Red,Slagwaardig
2332000,Red,
2288265,Red,Tegel
2292165,Red,
2310651,Red,Harrie
2197855,Red,
2289008,Red,Harrie
2351307,Red,Glas.Helder
2331993,Red,
2250551,Red,
2374498,Red,
2298619,Red,Harrie
2240238,Red,
2285126,Red,
2401193,Red,
2305399,Green,Taking Ctrl
2246600,Green,YOLO
2307618,Green,Taking Ctrl
2349841,Green,
2252309,Green,Heres
2275821,Green,Taking Ctrl
2096757,Green,
2297221,Green,YOLO
2388952,Green,Heres
2331977,Green,
2234823,Green,Redshell
2278138,Green,
2089033,Green,
2386593,Green,
2358379,Green,Taking Ctrl
2322765,Green,YOLO
2240912,Green,Heres
2352001,Green,
2405210,Green,Taking Ctrl
2307766,Green,Heres
2297833,Green,Redshell
2314509,Green,YOLO
2258048,Green,Fearless
2207834,Green,Taking Ctrl
2159732,Green,
2384442,Green,Taking Ctrl
2240122,Green,Heres
2283026,Green,Fearless
2298155,Green,Redshell
2341786,Green,
2271443,Green,Taking Ctrl
2341336,Green,Redshell
2397668,Green,Fearless
2392593,Green,Redshell
2316110,Green,YOLO
2374544,Green,Redshell
2274949,Green,Heres
2389541,Green,
2165988,Green,Heres
2124807,Green,
2247372,Green,
2201224,Green,Taking Ctrl
2300257,Green,Redshell
2183692,Green,Heres
2343665,Green,Heres
2391821,Green,Fearless
2179326,Green,Heres
2393867,Green,Taking Ctrl
1922254,Green,Fearless
2268655,Green,Fearless
2277816,Green,YOLO
2086034,Green,YOLO
2298805,Green,Fearless
2307049,Green,Heres
2398443,Green,Redshell
2323680,Green,Redshell
2186969,Green,Redshell
2119579,Green,
2269880,Green,Fearless
2198657,Green,Taking Ctrl
2285835,Green,
2298767,Green,
2303795,Green,
2416522,Green,
1428829,GUEST,
2137844,GUEST,
2366010,GUEST,
2628503,Blue,
2459620,Blue,
2586045,Blue,
2495694,Blue,
2396548,Green,
2612402,Green,
2504979,Green,
2411539,Red,
2394383,Red,Miranda
2620782,Red,
2476460,Red,
2303965,Red,
2550016,Red,
2207818,Red,
2567202,Yellow,
2579871,Yellow,
2608332,Yellow,
